sig	session_id
GSE136134_Ctrl-vs-Insulin_24hrs_Human_BulkRNAseq_hiPSCs	ceeff62b0fd50bbcba92ed4b0efc2bf5319a5fc9
GSE86611_GFP-vs-ASF1B_Human_BulkRNAseq_Islet	8c2f7828d20a3d78dbe8316a86def85c0f71911e
GSE136134_Ctrl-vs-Insulin_72hrs_Human_BulkRNAseq_hiPSCs	914386d5e7ca0a31954929c7e52a99a07433568b
GSE135445_CtrlSinusRhythm-vs-AtrialFibriallation_Human_BulkRNAseq_EpicardialAdipose	2b77bd78a73bb5efca9cec17269999d56050db5f
GSE149294_Ctrl-vs-Doxycycline_pLKO-puro-shRSPO3(tet-shRSPO3)LentiviralVector_Human_BulkRNAseq_GlutealAdipocytes	e5c5c32517d436e08382a99e96ca40a0700ce943
GSE149294_Ctrl-vs-Doxycycline_pLKO-puro-shRSPO3(tet-shRSPO3)LentiviralVector_Human_BulkRNAseq_AbdomninalAdipocytes	4cfc837624e29be49e35647ea6142093e40477b9
GSE110935_Normal-vs-CysticFibrosis_Human_BulkRNAseq_Islet	0f9972e4aadd95df9f46bfbc44f7d8561a52b19b
GSE67543_Fetal-vs-Adult_AlphaCells_Human_BulkRNAseq_Islet	027e4e42c915cc9fd0c0cf0c89375333c8a96a01
GSE156067_Ctrl-vs-PolycysticOvarySyndrome_Day12_Human_BulkRNAseq_SubcutaneousAdipose	aa23b2fcf6cf5472032c408d2a85c93a9c83db8b
GSE131320_Ctrl-vs-BacteroidesDorei_24hr_Human_BulkRNAseq_Islet	e52f565e8fda2ac09aa266ab8f442f997a868b1f
GSE125856_Mediastinal-vs-SubcutaneousAdipose_Human_BulkRNAseq_2AdiposeTissues	1a05c5db843b7b6f8d521e17f23fbc8c28dedf3e
GSE156903_Vehicle-vs-Voclosporin_Human_BulkRNAseq_Islet	2713827cc179b8f46621a62a782f92c57457d2a7
GSE140230_CtrlPBS-vs-Tacrolimus_Human_BulkRNAseq_Islet	f34a09b01e2c4248bbf137b092d19fa6c4f06398
GSE115421_Ctrl-vs-Rosiglitazone_AdipocytesP3_Human_BulkRNAseq_Adipocytes	ed007bd39289ad14fc87ca475be1a64e195361f1
GSE134068_HighQuality-vs-MediumQuality_Human_BulkRNAseq_Islet	c75c33ab327aac3677bf67f059d4a1822783fe5b
GSE134431_DiabeticFootSkin-vs-DiabeticFootUlcer-Healer_Human_BulkRNAseq_2Tissues	58eedb79bd2abcfa7798501b5d2e88540f9251f2
GSE133903_Islets-vs-Pseduoislets_Human_BulkRNAseq_Islet	4f62dbd79be8b89b5b9da99f867a6a54c1969efe
GSE143319_MetabolicallyHealthy-vs-UnhealthyObese_Human_BulkRNAseq_SubcutaneousAdipose	457641a60056743b3c7bc1aa5678bf7117c0bb47
GSE154649_Ctrl-vs-Doxycline_8-5hrs_DUX4-Knockout_Human_BulkRNAseq_MyeloidLeukemiaCells	daadf2f741a45607031b8ff340db6c9a1621909e
GSE141891_2D-vs-3D-GrowthCondition_Human_BulkRNAseq_iPSCs	c5862dc32c2a12164bd10f66ba90cc18fb881ef8
GSE137136_Ctrl-vs-ProInflammatoryCytokineCocktail_Human_BulkRNAseq_EndoC-βH1	412f75d9446de092b43371ff6c23b52d58fc1103
GSE67543_Fetal-vs-Adult_BetaCells_Human_BulkRNAseq_Islet	aaa443d3af28724e6b5a21b101ec3473f49dfe8c
GSE131320_Ctrl-vs-IL-1β_6hr_Human_BulkRNAseq_Islet	63081da2e0556e78c2775d5ed6ff3b3419c94de9
GSE108971_Ctrl-vs-Diabetic_Human_BulkRNAseq_EpicardialAdipose	e4ec3c1af7fee7fd4d2213d86bdf1a9c23ef0da1
GSE114192_Healthy-vs-IntermediateHyperglycemia_SouthAfrica_Human_BulkRNAseq_WholeBlood	c9a7558403f0aa061742fcea8b39ccbf8a0e1e95
GSE157585_Placebo-vs-Metformin_NoResistanceTraining_Human_BulkRNAseq_Muscle	8c43f9bae824f0da74306bd3846adf90233e8d02
GSE115421_Ctrl-vs-Rosiglitazone_AdipocytesP5_Human_BulkRNAseq_Adipocytes	591bb8262a622c47838194f556d532aa42a59219
GSE73433_Ctrl-vs-Ctrl-shRNA_Human_BulkRNAseq_Islet	de01d2636187ddfb873168aeabc100c1047111c4
GSE144441_Non-Diabetic-vs-Type2Diabetes_Human_RNAseq_Skin	814321a5b3e9b05241c26586989b41045c22a8f8
GSE107894_Placebo-vs-Metformin_Visit2_Human_BulkRNAseq_Adipose	2d1294b1a9f8bf903f0476c8f56bda94936af294
GSE131320_Ctrl-vs-BacteroidesDorei_6hr_Human_BulkRNAseq_Islet	048c56e69ea0353a80eea4fd7abff5c52a50b571
GSE120299_Alpha-vs-BetaCells_Human_BulkRNAseq_Islet	104be11d3ada64fb08b668a99ceedc8db9e44288
GSE138252_NoAtrialFibrillation-vs-AtrialFibrillation_Human_BulkRNAseq_RightAtrium	b78131141d9c27a89867960ba1e32b7630427341
GSE142025_Ctrl-vs-EarlyDiabeticNephropathy_Human_BulkRNAseq_Kidney	aba41e768ac6248fba40e94a011aa16bcd43874e
GSE142209_BrainMicrovessels-vs-WholeBrain_Human_BulkRNAseq_2Tissues	65c3ab7dd7f89d0389df5bc345d0768f5f0ec8a4
GSE144274_Healthy-vs-IdiopathicPulmonaryHypertension(IPAH)_Human_BulkRNAseq_Muscle	f18ef84ecd068b8e5d3666826d35a456252b011a
GSE107894_Placebo-vs-Metformin_Visit1_Human_BulkRNAseq_Adipose	6cc1a2ed20d6e4238cd6c904e036dc178b5f5d5d
GSE138252_NoAtrialFibrillation-vs-AtrialFibrillation_Human_BulkRNAseq_LeftAtrium	7f211ca397df99ad1d7f7451745082efc55e3b46
GSE80780_Comparison1_Beta1-vs-Beta2_Human_BulkRNAseq_Islet	d17732736a09a1c42d3b247e4b7249e9af1ce1ef
GSE107894_Placebo-vs-Metformin_Visit1_Human_BulkRNAseq_Muscle	a9cb0bac58a2d6082d0799abefbdd19eaa3a6d06
GSE142025_Ctrl-vs-AdvancedDiabeticNephropathy_Human_BulkRNAseq_Kidney	cea18b18d53b327efae2c695ab2c0d12218fe93a
GSE143735_DiabeticForearmSkin-vs-ForearmOfFootUlcerNonHealer_Human_BulkRNAseq_2Tissues	a662bbdddc010db50a11420d1c59be07816836cc
GSE101207_NonDiabetic-vs-Type2Diabetes_Human_BulkRNAseq_Islet	ca2acbf6c9263cd6f16e746a1a85c6b620977971
GSE157585_Ctrl-vs-ResistanceTraining_Metformin_Human_BulkRNAseq_Muscle	6c65ff092976b849db298f4479f9f73113126325
GSE155482_EndoC-bH1-Cells-vs-ECN90-Cells_Human_BulkRNAseq_Islet	6a09b911dd86b21ee0aa96155d4fb4303562006b
GSE107894_Placebo-vs-Metformin_Visit2_Human_BulkRNAseq_Muscle	005dfd683abd85a3fa24d0430576d873be3d16e8
GSE113764_White-vs-BrownAdiposeTissue_Human_BulkRNAseq_Adipose	821f292cab42c1a2687c74e993fe31f7614ef93a
GSE157585_Young-vs-Old_Human_BulkRNAseq_Muscle	6108e72a10aecb088ff2eacf81a9f5edec393f11
GSE115421_Ctrl-vs-Rosiglitazone_AdipocytesP1_Human_BulkRNAseq_Adipocytes	a69f49b7b8e14d1c2b2fb82e9c8aecb35f44892e
GSE80780_Comparison2_Beta1-vs-Beta3_Human_BulkRNAseq_Islet	722a4dc879a341fd7de379415340a58d7f7a5e34
GSE131320_Ctrl-vs-EscherichiaColi_6hr_Human_BulkRNAseq_Islet	02146d6b2cf29c7a69e1737afbf76612459c6e69
GSE106148_Ctrl-vs-Type1Diabetes_Human_BulkRNAseq_Islet	20bddd80648efe377c26c5dc3e74338400c77ce5
GSE115421_Ctrl-vs-Rosiglitazone_AdipocytesP4_Human_BulkRNAseq_Adipocytes	b9cf52b91a7b23b7877816d4e2b8bb5fb08654be
GSE131320_Ctrl-vs-EscherichiaColi_24hr_Human_BulkRNAseq_Islet	559d3f2edeb48935461049ebc57c5e9a23f7d430
GSE80780_Comparison4_Beta2-vs-Beta3_Human_BulkRNAseq_Islet	f4b8129681bee74bf6c0f765adec9dba56db15c4
GSE139932_Ctrl-vs-Cytokines_Human_BulkRNAseq_Islet	29c447d8937e819f51c8a5f47f19e00e3efc9fe3
GSE156903_Vehicle-vs-Tacrolimus_Human_BulkRNAseq_Islet	d923403fb7470e9cc6d686b9d3b6cf832bc7bd63
GSE143482_Ctrl-vs-LIGHT_Human_BulkRNAseq_EsophagusFibroblasts	8cf96a8d4b45ce8966e411b07df163b113ab9f1e
GSE131320_Ctrl-vs-RuminococcusGnavus_24hr_Human_BulkRNAseq_Islet	127ed35da70b1f05e419be10643097790f9ffcd4
GSE154649_Ctrl-vs-Doxycline_8-5hrs_IntactDUX4_Human_BulkRNAseq_MyeloidLeukemiaCells	17bd4673df352e7e548cec0f3326953dd94ccd9a
GSE80780_Comparison3_Beta1-vs-Beta4_Human_BulkRNAseq_Islet	6186a71a769670eb4745c31ef131870e1f911e72
GSE149294_Ctrl-vs-Doxycycline_tet-pLKO-puro-shCON(tet-shCON)LentiviralVector_Human_BulkRNAseq_GlutealAdipocytes	425212706f2a7fd46efee4f7bacce3562756cb63
GSE80780_Comparison6_Beta3-vs-Beta4_Human_BulkRNAseq_Islet	39acc848244fb1605ea8fc6e928bdd079dca17af
GSE143482_Ctrl-vs-TGF-B1_Human_BulkRNAseq_EsophagusFibroblasts	eb966e02f568067772989fb48671a4afe84f6090
GSE108413_Ctrl-vs-Cytokines_Human_BulkRNAseq_Islet	4ceeb1ac274b55055fe964726452d0e8f2535f01
GSE131320_Ctrl-vs-RuminococcusGnavus_6hr_Human_BulkRNAseq_Islet	0f04df168fd4c3715455380aaae32898a67f1a4d
GSE140230_CtrlPBS-vs-Sirolimus_Human_BulkRNAseq_Islet	53a001f5e5cd1ae7bdb9e868ec08327ec0a55fb0
GSE134870_Ctrl-vs-siRND3-Knockdown_Human_BulkRNAseq_Adipose	a0c5f96329ab1308de6fe22431d00651469c6679
GSE125856_NonCoronaryArteryDiseaseCAD-vs-CAD_Obese_Human_BulkRNAseq_Adipose	1ec0b37124fdd7d1173ea8530dc6447ccdc10340
GSE80780_Comparison5_Beta2-vs-Beta4_Human_BulkRNAseq_Islet	3f59541f837b43a964e05c354ef70191504ea6ef
GSE157585_Placebo-vs-Metformin_ResistanceTraining16wks_Human_BulkRNAseq_Muscle	15dc80295d2f8f862de88686794c639f4cb33112
GSE73433_Ctrl-vs-ARX-shRNA_Human_BulkRNAseq_Islet	522b0d38de9550f98dea8b76a6f77a05976cf8d2
GSE134068_HighQuality-vs-LowQuality_Human_BulkRNAseq_Islet	44b27184f9c14c4fa8cde23e6f07c0c027c128e0
GSE114192_Healthy-vs-IntermediateHyperglycemia_Romania_Human_BulkRNAseq_WholeBlood	73eb422ba41b750d44057fec14d666f4fc055989
GSE134431_DiabeticFootSkin-vs-DiabeticFootUlcer-NonHealer_Human_BulkRNAseq_2Tissues	97137b859eadca6a898e8806579ec8280dc5fdba
GSE115421_Ctrl-vs-Rosiglitazone_Adipocytes-shNF1_Human_BulkRNAseq_Adipocytes	e4f498ed15483543345018aceff1e0b21beaa680
GSE138252_Ctrl-vs-HeartFailure_Human_BulkRNAseq_RightAtrium	6d5d64bab731f869f85f076bd1baaf4801b39dbc
GSE137631_Lean-vs-Obese_Human_BulkRNAseq_Muscle	506c74db30f58cfbaa75a728e03549375296df98
GSE108654_Islets-vs-hESC-β-likeCells_Human_BulkRNAseq_2Cells	72022889741ede2cab19a641787ca3bf749a1636
GSE125856_Epicardial-vs-MediastinalAdipose_Human_BulkRNAseq_2AdiposeTissues	ea96c8e56df9e8e41861ea92be583abc6ea6acf8
GSE154649_Ctrl-vs-Doxycline_4-5hrs_IntactDUX4_Human_BulkRNAseq_MyeloidLeukemiaCells	92ba339ffe652e9139b7669f142e97c3c79828b5
GSE114192_Healthy-vs-Diabetes_SouthAfrica_Human_BulkRNAseq_WholeBlood	4e9d470c0fe545e726f32a1bc71d8a91f750c1a6
GSE125856_Epicardial-vs-SubcutaneousAdipose_Human_BulkRNAseq_2AdiposeTissues	51cd62843c8675512a8b831aa2f76e387e011d36
GSE137631_ObesePreSurgery-vs-Roux-en-Y-GastricBypass(RYGB)Surgery_Exercise_Human_BulkRNAseq_Muscle	8aafb485db8800c07876194e252bd8c0b979e584
GSE100322_Ctrl-vs-NRG1-Knockdown_Human_RNAseq_ThyroidPrimaryCells	8ac32adcdfb9ee225f316c669047b3c9385cec30
GSE125856_NonCoronaryArteryDiseaseCAD-vs-CAD_Lean_Human_BulkRNAseq_Adipose	ff99828a36a2133917f1692e47893eb800c9cd88
GSE131320_Ctrl-vs-IL-1β_24hr_Human_BulkRNAseq_Islet	c00811f74343783299cda9c75ba913b26fbefa5d
GSE143319_Pre-vs-PostWeightLoss_Human_BulkRNAseq_SubcutaneousAdipose	5df79b73a0e874a0cffe1b776c544e777cef75ad
GSE115421_Ctrl-vs-Rosiglitazone_AdipocytesP2_Human_BulkRNAseq_Adipocytes	282b46bbac8f5e218b2eb850d40a8e766bca5ad1
GSE135448_LowProtein-vs-HighProteinDiet_Human_BulkRNAseq_Liver	c5738d815e5897ca7f390e6e6c57556e69edc35c
GSE156067_Ctrl-vs-PolycysticOvarySyndrome_Day3_Human_BulkRNAseq_SubcutaneousAdipose	a9e2b17bff45dcd67abac5addc7a49573dda73ab
GSE149294_Ctrl-vs-Doxycycline_tet-pLKO-puro-shCON(tet-shCON)LentiviralVector_Human_BulkRNAseq_AbdomninalAdipocytes	aa466c5cc4e51cc03fcb352e6b2099a54901c183
GSE157585_Ctrl-vs-ResistanceTraining_PlaceboDrug_Human_BulkRNAseq_Muscle	2b5a795931188f01feeb60085f0af7fdafde92a4
GSE108971_Ctrl-vs-Diabetic_Human_BulkRNAseq_SubcutaneousAdipose	199dcfdb5ebfc3862fef338ddba4e0db1acaaf96
GSE114192_Healthy-vs-Diabetes_Romania_Human_BulkRNAseq_WholeBlood	2e9914d507cbdcb1ba45f8e47b545144b68fb526
GSE123658_Healthy-vs-Type1Diabetes_Human_BulkRNAseq_WholeBlood	f07322619f7e8ad80c23c91245d596c1a8397cad
GSE156067_Ctrl-vs-PolycysticOvarySyndrome_Day7_Human_BulkRNAseq_SubcutaneousAdipose	2935ef93fadd1281a644110e5428b8d5aa79b10d
GSE143735_DiabeticForearmSkin-vs-ForearmOfFootUlcerHealer_Human_BulkRNAseq_2Tissues	eb3811ee6ecf6df527ad8e0a96e30732f4b9ec0f
GSE138252_Ctrl-vs-HeartFailure_Human_BulkRNAseq_LeftAtrium	554954abc1b681f4bd68d904d4a51904ff1ce989
GSE115421_Ctrl-vs-Rosiglitazone_AdipocytesScramble_Human_BulkRNAseq_Adipocytes	96ab9738fdc643aa504e7b4c9928e3ce9e6960d9
GSE137631_ObesePreSurgery-vs-Roux-en-Y-GastricBypass(RYGB)Surgery_NoExercise_Human_BulkRNAseq_Muscle	8db7858951ec67b35b37bf3e4217f89aa04716b8
GSE151588_Ctrl-vs-SRI-37330_Human_BulkRNAseq_Islet	81401307f1230615f4528b9974ea6eedeb374bef
